time,analog
0.029999999,21557
0.059999999,21547
0.090000004,21530
0.119999997,21527
0.150000006,21513
0.180000007,21507
0.209999993,21500
0.239999995,21494
0.270000011,21481
0.300000012,21476
0.330000013,21469
0.360000014,21462
0.389999986,21456
0.419999987,21453
0.449999988,21455
0.479999989,21449
0.50999999,21442
0.540000021,21441
0.569999993,21435
0.600000024,21430
0.629999995,21424
0.660000026,21422
0.689999998,21418
0.720000029,21417
0.75,21412
0.779999971,21410
0.810000002,21406
0.839999974,21403
0.870000005,21402
0.899999976,21399
0.930000007,21392
0.959999979,21394
0.99000001,21389
1.019999981,21387
1.049999952,21388
1.080000043,21384
1.110000014,21384
1.139999986,21382
1.169999957,21380
1.200000048,21379
1.230000019,21375
1.25999999,21374
1.289999962,21375
1.320000052,21375
1.350000024,21371
1.379999995,21371
1.409999967,21371
1.440000057,21371
1.470000029,21369
1.5,21368
1.529999971,21368
1.559999943,21368
1.590000033,21369
1.620000005,21366
1.649999976,21366
1.679999948,21358
1.710000038,21364
1.74000001,21367
1.769999981,21369
1.799999952,21378
1.830000043,21361
1.860000014,21271
1.889999986,21291
1.919999957,21367
1.950000048,21376
1.980000019,21369
2.00999999,21391
2.039999962,21377
2.069999933,21374
2.099999905,21379
2.130000114,21372
2.160000086,21381
2.190000057,21382
2.220000029,21380
2.25,21393
2.279999971,21399
2.309999943,21398
2.339999914,21403
2.369999886,21405
2.400000095,21408
2.430000067,21388
2.460000038,21379
2.49000001,21376
2.519999981,21367
2.549999952,21378
2.579999924,21377
2.609999895,21379
2.640000105,21381
2.670000076,21383
2.700000048,21381
2.730000019,21387
2.75999999,21384
2.789999962,21387
2.819999933,21389
2.849999905,21390
2.880000114,21391
2.910000086,21392
2.940000057,21394
2.970000029,21396
3.0,21395
3.029999971,21347
3.059999943,21360
3.089999914,21378
3.119999886,21380
3.150000095,21357
3.180000067,21363
3.210000038,21376
3.24000001,21371
3.269999981,21376
3.299999952,21378
3.329999924,21379
3.359999895,21382
3.390000105,21382
3.420000076,21382
3.450000048,21379
3.480000019,21380
3.50999999,21380
3.539999962,21378
3.569999933,21380
3.599999905,21373
3.630000114,21376
3.660000086,21381
3.690000057,21381
3.720000029,21379
3.75,21383
3.779999971,21385
3.809999943,21387
3.839999914,21388
3.869999886,21391
3.900000095,21389
3.930000067,21392
3.960000038,21393
3.99000001,21393
4.019999981,21395
4.050000191,21399
4.079999924,21401
4.110000134,21397
4.139999866,21398
4.170000076,21401
4.199999809,21401
4.230000019,21404
4.260000229,21400
4.289999962,21404
4.320000172,21403
4.349999905,21403
4.380000114,21407
4.409999847,21408
4.440000057,21408
4.46999979,21411
4.5,21403
4.53000021,21403
4.559999943,21400
4.590000153,21399
4.619999886,21400
4.650000095,21397
4.679999828,21394
4.710000038,21389
4.739999771,21390
4.769999981,21379
4.800000191,21324
4.829999924,21327
4.860000134,21329
4.889999866,21346
4.920000076,21367
4.949999809,21366
4.980000019,21372
5.010000229,21378
5.039999962,21381
5.070000172,21380
5.099999905,21377
5.130000114,21383
5.159999847,21388
5.190000057,21392
5.21999979,21399
5.25,21407
5.28000021,21412
5.309999943,21413
5.340000153,21414
5.369999886,21416
5.400000095,21417
5.429999828,21418
5.460000038,21418
5.489999771,21421
5.519999981,21423
5.550000191,21400
5.579999924,21399
5.610000134,21401
5.639999866,21398
5.670000076,21409
5.699999809,21408
5.730000019,21403
5.760000229,21408
5.789999962,21408
5.820000172,21415
5.849999905,21416
5.880000114,21410
5.909999847,21419
5.940000057,21423
5.96999979,21420
6.0,21422
6.03000021,21427
6.059999943,21433
6.090000153,21434
6.119999886,21437
6.150000095,21435
6.179999828,21438
6.210000038,21439
6.239999771,21440
6.269999981,21441
6.300000191,21440
6.329999924,21444
6.360000134,21447
6.389999866,21444
6.420000076,21440
6.449999809,21441
6.480000019,21434
6.510000229,21448
6.539999962,21453
6.570000172,21457
6.599999905,21456
6.630000114,21460
6.659999847,21459
6.690000057,21435
6.71999979,21399
6.75,21420
6.78000021,21445
6.809999943,21455
6.840000153,21458
6.869999886,21459
6.900000095,21462
6.929999828,21444
6.960000038,21429
6.989999771,21317
7.019999981,21140
7.050000191,20964
7.079999924,20779
7.110000134,20608
7.139999866,20467
7.170000076,20338
7.199999809,20229
7.230000019,20143
7.260000229,20082
7.289999962,20035
7.320000172,20012
7.349999905,19972
7.380000114,19958
7.409999847,19950
7.440000057,19941
7.46999979,19954
7.5,19941
7.53000021,19960
7.559999943,19993
7.590000153,20000
7.619999886,20015
7.650000095,20044
7.679999828,20073
7.710000038,20085
7.739999771,20090
7.769999981,20090
7.800000191,20070
7.829999924,20069
7.860000134,20074
7.889999866,20076
7.920000076,20079
7.949999809,20073
7.980000019,20067
8.010000229,20085
8.039999962,20083
8.069999695,20057
8.100000381,20052
8.130000114,20029
8.159999847,20043
8.18999958,20034
8.220000267,20025
8.25,20023
8.279999733,20022
8.31000042,20024
8.340000153,20032
8.369999886,20029
8.399999619,20025
8.430000305,20002
8.460000038,19991
8.489999771,19972
8.520000458,19956
8.550000191,19937
8.579999924,19920
8.609999657,19923
8.640000343,19899
8.670000076,19885
8.699999809,19886
8.729999542,19878
8.760000229,19870
8.789999962,19871
8.819999695,19889
8.850000381,19891
8.880000114,19889
8.909999847,19878
8.93999958,19895
8.970000267,19880
9.0,19877
9.029999733,19862
9.06000042,19849
9.090000153,19853
9.119999886,19829
9.149999619,19816
9.180000305,19821
9.210000038,19826
9.239999771,19824
9.270000458,19826
9.300000191,19825
9.329999924,19820
9.359999657,19796
9.390000343,19730
9.420000076,19713
9.449999809,19655
9.479999542,19591
9.510000229,19533
9.539999962,19492
9.569999695,19472
9.600000381,19465
9.630000114,19435
9.659999847,19412
9.68999958,19372
9.720000267,19359
9.75,19329
9.779999733,19321
9.81000042,19307
9.840000153,19233
9.869999886,19176
9.899999619,19136
9.930000305,19116
9.960000038,19036
9.989999771,18980
10.02000046,18925
10.05000019,18859
10.07999992,18805
10.10999966,18761
10.14000034,18702
10.17000008,18671
10.19999981,18665
10.22999954,18621
10.26000023,18619
10.28999996,18598
10.31999969,18584
10.35000038,18549
10.38000011,18529
10.40999985,18491
10.43999958,18430
10.47000027,18400
10.5,18347
10.52999973,18301
10.56000042,18247
10.59000015,18204
10.61999989,18198
10.64999962,18172
10.68000031,18170
10.71000004,18219
10.73999977,18250
10.77000046,18265
10.80000019,18233
10.82999992,18215
10.85999966,18130
10.89000034,17953
10.92000008,17731
10.94999981,17504
10.97999954,17275
11.01000023,17047
11.03999996,16823
11.06999969,16602
11.10000038,16385
11.13000011,16173
11.15999985,15963
11.18999958,15757
11.22000027,15555
11.25,15358
11.27999973,15167
11.31000042,14978
11.34000015,14773
11.36999989,14623
11.39999962,14450
11.43000031,14275
11.46000004,14108
11.48999977,13945
11.52000046,13770
11.55000019,13615
11.57999992,13462
11.60999966,13312
11.64000034,13166
11.67000008,13024
11.69999981,12885
11.72999954,12750
11.76000023,12617
11.78999996,12487
11.81999969,12366
11.85000038,12245
11.88000011,12128
11.90999985,12014
11.93999958,11905
11.97000027,11797
12.0,11691
12.02999973,11590
12.06000042,11491
12.09000015,11396
12.11999989,11303
12.14999962,11212
12.18000031,11125
12.21000004,11041
12.23999977,10957
12.27000046,10878
12.30000019,10800
12.32999992,10725
12.35999966,10650
12.39000034,10580
12.42000008,10511
12.44999981,10443
12.47999954,10378
12.51000023,10314
12.53999996,10252
12.56999969,10191
12.60000038,10133
12.63000011,10075
12.65999985,10020
12.68999958,9965
12.72000027,9912
12.75,9861
12.77999973,9811
12.81000042,9762
12.84000015,9715
12.86999989,9668
12.89999962,9622
12.93000031,9578
12.96000004,9534
12.98999977,9492
13.02000046,9450
13.05000019,9410
13.07999992,9370
13.10999966,9331
13.14000034,9292
13.17000008,9256
13.19999981,9221
13.22999954,9184
13.26000023,9149
13.28999996,9115
13.31999969,9082
13.35000038,9050
13.38000011,9017
13.40999985,8986
13.43999958,8956
13.47000027,8926
13.5,8894
13.52999973,8866
13.56000042,8838
13.59000015,8809
13.61999989,8783
13.64999962,8755
13.68000031,8728
13.71000004,8702
13.73999977,8677
13.77000046,8651
13.80000019,8626
13.82999992,8602
13.85999966,8579
13.89000034,8555
13.92000008,8531
13.94999981,8508
13.97999954,8485
14.01000023,8464
14.03999996,8441
14.06999969,8419
14.10000038,8399
14.13000011,8376
14.15999985,8357
14.18999958,8337
14.22000027,8317
14.25,8297
14.27999973,8278
14.31000042,8259
14.34000015,8240
14.36999989,8221
14.39999962,8203
14.43000031,8184
14.46000004,8167
14.48999977,8150
14.52000046,8131
14.55000019,8114
14.57999992,8098
14.60999966,8081
14.64000034,8064
14.67000008,8048
14.69999981,8032
14.72999954,8015
14.76000023,8001
14.78999996,7986
14.81999969,7970
14.85000038,7955
14.88000011,7940
14.90999985,7925
14.93999958,7910
14.97000027,7896
15.0,7883
15.02999973,7867
15.06000042,7853
15.09000015,7840
15.11999989,7826
15.14999962,7813
15.18000031,7799
15.21000004,7785
15.23999977,7773
15.27000046,7760
15.30000019,7747
15.32999992,7734
15.35999966,7722
15.39000034,7709
15.42000008,7698
15.44999981,7685
15.47999954,7674
15.51000023,7661
15.53999996,7649
15.56999969,7638
15.60000038,7627
15.63000011,7615
15.65999985,7604
15.68999958,7592
15.72000027,7583
15.75,7571
15.77999973,7560
15.81000042,7550
15.84000015,7539
15.86999989,7528
15.89999962,7517
15.93000031,7507
15.96000004,7497
15.98999977,7488
16.02000046,7477
16.04999924,7467
16.07999992,7456
16.11000061,7447
16.13999939,7436
16.17000008,7428
16.20000076,7418
16.22999954,7408
16.26000023,7399
16.29000092,7391
16.31999969,7380
16.35000038,7372
16.37999916,7363
16.40999985,7354
16.44000053,7344
16.46999931,7336
16.5,7328
16.53000069,7318
16.55999947,7309
16.59000015,7301
16.62000084,7293
16.64999962,7285
16.68000031,7276
16.70999908,7268
16.73999977,7260
16.77000046,7251
16.79999924,7244
16.82999992,7236
16.86000061,7227
16.88999939,7219
16.92000008,7212
16.95000076,7204
16.97999954,7197
17.01000023,7189
17.04000092,7181
17.06999969,7174
17.10000038,7166
17.12999916,7158
17.15999985,7151
17.19000053,7144
17.21999931,7137
17.25,7129
17.28000069,7122
17.30999947,7115
17.34000015,7108
17.37000084,7101
17.39999962,7095
17.43000031,7087
17.45999908,7081
17.48999977,7073
17.52000046,7066
17.54999924,7060
17.57999992,7052
17.61000061,7047
17.63999939,7041
17.67000008,7034
17.70000076,7027
17.72999954,7021
17.76000023,7015
17.79000092,7009
17.81999969,7002
17.85000038,6995
17.87999916,6989
17.90999985,6984
17.94000053,6977
17.96999931,6971
18.0,6964
18.03000069,6959
18.05999947,6953
18.09000015,6947
18.12000084,6941
18.14999962,6934
18.18000031,6930
18.20999908,6923
18.23999977,6918
18.27000046,6912
18.29999924,6906
18.32999992,6900
18.36000061,6895
18.38999939,6889
18.42000008,6884
18.45000076,6879
18.47999954,6873
18.51000023,6867
18.54000092,6862
18.56999969,6857
18.60000038,6851
18.62999916,6846
18.65999985,6840
18.69000053,6835
18.71999931,6828
18.75,6824
18.78000069,6819
18.80999947,6813
18.84000015,6809
18.87000084,6803
18.89999962,6798
18.93000031,6794
18.95999908,6789
18.98999977,6783
19.02000046,6779
19.04999924,6773
19.07999992,6769
19.11000061,6763
19.13999939,6758
19.17000008,6753
19.20000076,6749
19.22999954,6744
19.26000023,6740
19.29000092,6734
19.31999969,6730
19.35000038,6725
19.37999916,6721
19.40999985,6716
19.44000053,6711
19.46999931,6706
19.5,6702
19.53000069,6698
19.55999947,6693
19.59000015,6688
19.62000084,6683
19.64999962,6680
19.68000031,6675
19.70999908,6669
19.73999977,6666
19.77000046,6661
19.79999924,6658
19.82999992,6653
19.86000061,6649
19.88999939,6645
19.92000008,6640
19.95000076,6636
19.97999954,6632
20.01000023,6628
20.04000092,6624
20.06999969,6619
20.10000038,6615
20.12999916,6611
20.15999985,6607
20.19000053,6603
20.21999931,6599
20.25,6595
20.28000069,6590
20.30999947,6587
20.34000015,6582
20.37000084,6578
20.39999962,6575
20.43000031,6571
20.45999908,6566
20.48999977,6563
20.52000046,6558
20.54999924,6555
20.57999992,6551
20.61000061,6548
20.63999939,6544
20.67000008,6540
20.70000076,6537
20.72999954,6533
20.76000023,6529
20.79000092,6525
20.81999969,6521
20.85000038,6519
20.87999916,6514
20.90999985,6511
20.94000053,6506
20.96999931,6503
21.0,6500
21.03000069,6495
21.05999947,6492
21.09000015,6489
21.12000084,6485
21.14999962,6482
21.18000031,6479
21.20999908,6475
21.23999977,6472
21.27000046,6469
21.29999924,6465
21.32999992,6461
21.36000061,6458
21.38999939,6454
21.42000008,6451
21.45000076,6448
21.47999954,6445
21.51000023,6441
21.54000092,6438
21.56999969,6435
21.60000038,6431
21.62999916,6429
21.65999985,6425
21.69000053,6423
21.71999931,6419
21.75,6415
21.78000069,6412
21.80999947,6409
21.84000015,6406
21.87000084,6402
21.89999962,6400
21.93000031,6396
21.95999908,6394
21.98999977,6390
22.02000046,6387
22.04999924,6384
22.07999992,6382
22.11000061,6379
22.13999939,6376
22.17000008,6372
22.20000076,6370
22.22999954,6367
22.26000023,6363
22.29000092,6361
22.31999969,6357
22.35000038,6355
22.37999916,6352
22.40999985,6349
22.44000053,6346
22.46999931,6343
22.5,6341
22.53000069,6338
22.55999947,6335
22.59000015,6332
22.62000084,6329
22.64999962,6326
22.68000031,6324
22.70999908,6321
22.73999977,6318
22.77000046,6315
22.79999924,6312
22.82999992,6310
22.86000061,6307
22.88999939,6304
22.92000008,6301
22.95000076,6299
22.97999954,6296
23.01000023,6294
23.04000092,6291
23.06999969,6288
23.10000038,6285
23.12999916,6283
23.15999985,6280
23.19000053,6278
23.21999931,6276
23.25,6273
23.28000069,6270
23.30999947,6268
23.34000015,6265
23.37000084,6263
23.39999962,6260
23.43000031,6258
23.45999908,6255
23.48999977,6252
23.52000046,6250
23.54999924,6247
23.57999992,6245
23.61000061,6242
23.63999939,6241
23.67000008,6237
23.70000076,6235
23.72999954,6233
23.76000023,6231
23.79000092,6228
23.81999969,6226
23.85000038,6224
23.87999916,6220
23.90999985,6218
23.94000053,6216
23.96999931,6213
24.0,6211
24.03000069,6209
24.05999947,6206
24.09000015,6205
24.12000084,6202
24.14999962,6200
24.18000031,6198
24.20999908,6195
24.23999977,6193
24.27000046,6190
24.29999924,6189
24.32999992,6187
24.36000061,6184
24.38999939,6182
24.42000008,6179
24.45000076,6177
24.47999954,6175
24.51000023,6173
24.54000092,6170
24.56999969,6167
24.60000038,6166
24.62999916,6164
24.65999985,6161
24.69000053,6159
24.71999931,6157
24.75,6154
24.78000069,6153
24.80999947,6150
24.84000015,6147
24.87000084,6145
24.89999962,6142
24.93000031,6140
24.95999908,6139
24.98999977,6135
25.02000046,6134
25.04999924,6131
25.07999992,6129
25.11000061,6128
25.13999939,6125
25.17000008,6123
25.20000076,6120
25.22999954,6118
25.26000023,6116
25.29000092,6114
25.31999969,6111
25.35000038,6109
25.37999916,6106
25.40999985,6104
25.44000053,6103
25.46999931,6100
25.5,6098
25.53000069,6096
25.55999947,6094
25.59000015,6092
25.62000084,6089
25.64999962,6088
25.68000031,6085
25.70999908,6082
25.73999977,6079
25.77000046,6079
25.79999924,6077
25.82999992,6075
25.86000061,6073
25.88999939,6071
25.92000008,6068
25.95000076,6067
25.97999954,6065
26.01000023,6062
26.04000092,6058
26.06999969,6058
26.10000038,6056
26.12999916,6054
26.15999985,6052
26.19000053,6050
26.21999931,6048
26.25,6046
26.28000069,6043
26.30999947,6042
26.34000015,6040
26.37000084,6036
26.39999962,6036
26.43000031,6034
26.45999908,6032
26.48999977,6030
26.52000046,6028
26.54999924,6026
26.57999992,6024
26.61000061,6022
26.63999939,6020
26.67000008,6018
26.70000076,6015
26.72999954,6014
26.76000023,6012
26.79000092,6011
26.81999969,6008
26.85000038,6007
26.87999916,6005
26.90999985,6003
26.94000053,6001
26.96999931,5999
27.0,5997
27.03000069,5995
27.05999947,5994
27.09000015,5992
27.12000084,5989
27.14999962,5987
27.18000031,5986
27.20999908,5985
27.23999977,5983
27.27000046,5979
27.29999924,5979
27.32999992,5977
27.36000061,5975
27.38999939,5973
27.42000008,5971
27.45000076,5970
27.47999954,5968
27.51000023,5967
27.54000092,5965
27.56999969,5963
27.60000038,5960
27.62999916,5959
27.65999985,5958
27.69000053,5956
27.71999931,5954
27.75,5953
27.78000069,5951
27.80999947,5949
27.84000015,5947
27.87000084,5946
27.89999962,5944
27.93000031,5941
27.95999908,5941
27.98999977,5939
28.02000046,5937
28.04999924,5935
28.07999992,5935
28.11000061,5933
28.13999939,5931
28.17000008,5929
28.20000076,5928
28.22999954,5926
28.26000023,5924
28.29000092,5923
28.31999969,5922
28.35000038,5920
28.37999916,5917
28.40999985,5917
28.44000053,5915
28.46999931,5914
28.5,5911
28.53000069,5910
28.55999947,5908
28.59000015,5906
28.62000084,5906
28.64999962,5904
28.68000031,5903
28.70999908,5901
28.73999977,5901
28.77000046,5898
28.79999924,5897
28.82999992,5895
28.86000061,5893
28.88999939,5892
28.92000008,5891
28.95000076,5889
28.97999954,5888
29.01000023,5887
29.04000092,5885
29.06999969,5883
29.10000038,5883
29.12999916,5880
29.15999985,5878
29.19000053,5877
29.21999931,5876
29.25,5874
29.28000069,5872
29.30999947,5872
29.34000015,5870
29.37000084,5869
29.39999962,5867
29.43000031,5866
29.45999908,5865
29.48999977,5862
29.52000046,5861
29.54999924,5860
29.57999992,5859
29.61000061,5857
29.63999939,5857
29.67000008,5855
29.70000076,5854
29.72999954,5851
29.76000023,5851
29.79000092,5849
29.81999969,5848
29.85000038,5846
29.87999916,5845
29.90999985,5844
29.94000053,5842
29.96999931,5841
30.0,5840
30.03000069,5839
30.05999947,5836
30.09000015,5837
30.12000084,5835
30.14999962,5834
30.18000031,5831
30.20999908,5831
30.23999977,5830
30.27000046,5828
30.29999924,5827
30.32999992,5826
30.36000061,5824
30.38999939,5823
30.42000008,5822
30.45000076,5821
30.47999954,5819
30.51000023,5817
30.54000092,5817
30.56999969,5816
30.60000038,5814
30.62999916,5813
30.65999985,5812
30.69000053,5810
30.71999931,5808
30.75,5809
30.78000069,5807
30.80999947,5806
30.84000015,5804
30.87000084,5803
30.89999962,5802
30.93000031,5801
30.95999908,5799
30.98999977,5799
31.02000046,5796
31.04999924,5796
31.07999992,5794
31.11000061,5793
31.13999939,5792
31.17000008,5791
31.20000076,5790
31.22999954,5788
31.26000023,5787
31.29000092,5785
31.31999969,5785
31.35000038,5784
31.37999916,5782
31.40999985,5781
31.44000053,5780
31.46999931,5779
31.5,5777
31.53000069,5777
31.55999947,5776
31.59000015,5774
31.62000084,5773
31.64999962,5773
31.68000031,5771
31.70999908,5770
31.73999977,5769
31.77000046,5768
31.79999924,5766
31.82999992,5765
31.86000061,5764
31.88999939,5764
31.92000008,5762
31.95000076,5760
31.97999954,5759
32.00999832,5758
32.04000092,5757
32.06999969,5755
32.09999847,5756
32.13000107,5754
32.15999985,5753
32.18999863,5752
32.22000122,5752
32.25,5750
32.27999878,5748
32.31000137,5747
32.34000015,5747
32.36999893,5745
32.40000153,5744
32.43000031,5743
32.45999908,5742
32.49000168,5741
32.52000046,5739
32.54999924,5739
32.58000183,5738
32.61000061,5737
32.63999939,5736
32.66999817,5735
32.70000076,5733
32.72999954,5733
32.75999832,5732
32.79000092,5731
32.81999969,5730
32.84999847,5728
32.88000107,5727
32.90999985,5727
32.93999863,5726
32.97000122,5723
33.0,5723
33.02999878,5723
33.06000137,5721
33.09000015,5720
33.11999893,5720
33.15000153,5718
33.18000031,5717
33.20999908,5716
33.24000168,5716
33.27000046,5714
33.29999924,5713
33.33000183,5712
33.36000061,5711
33.38999939,5710
33.41999817,5709
33.45000076,5708
33.47999954,5707
33.50999832,5706
33.54000092,5705
33.56999969,5704
33.59999847,5703
33.63000107,5701
33.65999985,5701
33.68999863,5700
33.72000122,5699
33.75,5698
33.77999878,5697
33.81000137,5697
33.84000015,5696
33.86999893,5694
33.90000153,5694
33.93000031,5693
33.95999908,5691
33.99000168,5691
34.02000046,5691
34.04999924,5689
34.08000183,5687
34.11000061,5686
34.13999939,5686
34.16999817,5685
34.20000076,5683
34.22999954,5683
34.25999832,5682
34.29000092,5681
34.31999969,5681
34.34999847,5679
34.38000107,5679
34.40999985,5677
34.43999863,5676
34.47000122,5676
34.5,5674
34.52999878,5673
34.56000137,5673
34.59000015,5673
34.61999893,5672
34.65000153,5670
34.68000031,5670
34.70999908,5669
34.74000168,5666
34.77000046,5667
34.79999924,5665
34.83000183,5665
34.86000061,5663
34.88999939,5663
34.91999817,5662
34.95000076,5661
34.97999954,5660
35.00999832,5659
35.04000092,5659
35.06999969,5657
35.09999847,5657
35.13000107,5656
35.15999985,5655
35.18999863,5653
35.22000122,5653
35.25,5652
35.27999878,5652
35.31000137,5650
35.34000015,5650
35.36999893,5649
35.40000153,5648
35.43000031,5647
35.45999908,5645
35.49000168,5646
35.52000046,5644
35.54999924,5643
35.58000183,5643
35.61000061,5642
35.63999939,5641
35.66999817,5641
35.70000076,5640
35.72999954,5640
35.75999832,5638
35.79000092,5637
35.81999969,5636
35.84999847,5636
35.88000107,5634
35.90999985,5635
35.93999863,5634
35.97000122,5632
36.0,5631
36.02999878,5631
36.06000137,5629
36.09000015,5629
36.11999893,5628
36.15000153,5628
36.18000031,5626
36.20999908,5625
36.24000168,5626
36.27000046,5625
36.29999924,5624
36.33000183,5622
36.36000061,5622
36.38999939,5621
36.41999817,5620
36.45000076,5619
36.47999954,5619
36.50999832,5618
36.54000092,5617
36.56999969,5616
36.59999847,5615
36.63000107,5614
36.65999985,5613
36.68999863,5613
36.72000122,5612
36.75,5612
36.77999878,5610
36.81000137,5610
36.84000015,5610
36.86999893,5609
36.90000153,5608
36.93000031,5607
36.95999908,5607
36.99000168,5606
37.02000046,5605
37.04999924,5604
37.08000183,5603
37.11000061,5603
37.13999939,5602
37.16999817,5601
37.20000076,5600
37.22999954,5599
37.25999832,5598
37.29000092,5598
37.31999969,5597
37.34999847,5597
37.38000107,5595
37.40999985,5596
37.43999863,5594
37.47000122,5593
37.5,5593
37.52999878,5592
37.56000137,5592
37.59000015,5591
37.61999893,5590
37.65000153,5589
37.68000031,5588
37.70999908,5588
37.74000168,5588
37.77000046,5586
37.79999924,5586
37.83000183,5585
37.86000061,5585
37.88999939,5583
37.91999817,5584
37.95000076,5582
37.97999954,5581
38.00999832,5581
38.04000092,5581
38.06999969,5580
38.09999847,5578
38.13000107,5578
38.15999985,5576
38.18999863,5576
38.22000122,5576
38.25,5575
38.27999878,5575
38.31000137,5574
38.34000015,5573
38.36999893,5572
38.40000153,5571
38.43000031,5571
38.45999908,5570
38.49000168,5570
38.52000046,5569
38.54999924,5568
38.58000183,5569
38.61000061,5568
38.63999939,5567
38.66999817,5565
38.70000076,5565
38.72999954,5565
38.75999832,5564
38.79000092,5563
38.81999969,5563
38.84999847,5563
38.88000107,5561
38.90999985,5561
38.93999863,5561
38.97000122,5560
39.0,5558
39.02999878,5559
39.06000137,5558
39.09000015,5557
39.11999893,5556
39.15000153,5556
39.18000031,5555
39.20999908,5554
39.24000168,5554
39.27000046,5553
39.29999924,5552
39.33000183,5551
39.36000061,5551
39.38999939,5550
39.41999817,5550
39.45000076,5548
39.47999954,5549
39.50999832,5548
39.54000092,5547
39.56999969,5546
39.59999847,5547
39.63000107,5545
39.65999985,5544
39.68999863,5543
39.72000122,5543
39.75,5542
39.77999878,5541
39.81000137,5542
39.84000015,5541
39.86999893,5541
39.90000153,5539
39.93000031,5539
39.95999908,5538
39.99000168,5537
40.02000046,5536
40.04999924,5537
40.08000183,5535
40.11000061,5535
40.13999939,5535
40.16999817,5534
40.20000076,5533
40.22999954,5533
40.25999832,5532
40.29000092,5532
40.31999969,5532
40.34999847,5530
40.38000107,5530
40.40999985,5530
40.43999863,5528
40.47000122,5527
40.5,5528
40.52999878,5527
40.56000137,5526
40.59000015,5526
40.61999893,5525
40.65000153,5525
40.68000031,5523
40.70999908,5523
40.74000168,5523
40.77000046,5522
40.79999924,5521
40.83000183,5521
40.86000061,5520
40.88999939,5520
40.91999817,5519
40.95000076,5519
40.97999954,5518
41.00999832,5518
41.04000092,5517
41.06999969,5517
41.09999847,5516
41.13000107,5515
41.15999985,5515
41.18999863,5515
41.22000122,5514
41.25,5513
41.27999878,5512
41.31000137,5513
41.34000015,5512
41.36999893,5511
41.40000153,5510
41.43000031,5510
41.45999908,5509
41.49000168,5509
41.52000046,5508
41.54999924,5508
41.58000183,5507
41.61000061,5507
41.63999939,5506
41.66999817,5506
41.70000076,5505
41.72999954,5505
41.75999832,5504
41.79000092,5503
41.81999969,5504
41.84999847,5503
41.88000107,5503
41.90999985,5501
41.93999863,5501
41.97000122,5501
42.0,5500
42.02999878,5499
42.06000137,5499
42.09000015,5498
42.11999893,5498
42.15000153,5498
42.18000031,5497
42.20999908,5496
42.24000168,5496
42.27000046,5496
42.29999924,5495
42.33000183,5494
42.36000061,5493
42.38999939,5494
42.41999817,5493
42.45000076,5493
42.47999954,5492
42.50999832,5491
42.54000092,5491
42.56999969,5491
42.59999847,5490
42.63000107,5489
42.65999985,5488
42.68999863,5488
42.72000122,5488
42.75,5487
42.77999878,5487
42.81000137,5485
42.84000015,5486
42.86999893,5484
42.90000153,5484
42.93000031,5483
42.95999908,5482
42.99000168,5484
43.02000046,5482
43.04999924,5482
43.08000183,5481
43.11000061,5481
43.13999939,5480
43.16999817,5480
43.20000076,5479
43.22999954,5478
43.25999832,5479
43.29000092,5479
43.31999969,5478
43.34999847,5477
43.38000107,5476
43.40999985,5476
43.43999863,5476
43.47000122,5475
43.5,5475
43.52999878,5474
43.56000137,5474
43.59000015,5473
43.61999893,5473
43.65000153,5472
43.68000031,5472
43.70999908,5471
43.74000168,5471
43.77000046,5470
43.79999924,5469
43.83000183,5470
43.86000061,5468
43.88999939,5469
43.91999817,5468
43.95000076,5468
43.97999954,5467
44.00999832,5467
44.04000092,5466
44.06999969,5467
44.09999847,5466
44.13000107,5465
44.15999985,5464
44.18999863,5464
44.22000122,5464
44.25,5463
44.27999878,5463
44.31000137,5463
44.34000015,5462
44.36999893,5461
44.40000153,5461
44.43000031,5461
44.45999908,5460
44.49000168,5459
44.52000046,5459
44.54999924,5459
44.58000183,5458
44.61000061,5458
44.63999939,5457
44.66999817,5457
44.70000076,5456
44.72999954,5456
44.75999832,5455
44.79000092,5456
44.81999969,5454
44.84999847,5455
44.88000107,5454
44.90999985,5454
44.93999863,5453
44.97000122,5452
45.0,5452
45.02999878,5451
45.06000137,5451
45.09000015,5451
45.11999893,5451
45.15000153,5449
45.18000031,5449
45.20999908,5449
45.24000168,5449
45.27000046,5448
45.29999924,5448
45.33000183,5448
45.36000061,5447
45.38999939,5446
45.41999817,5446
45.45000076,5446
45.47999954,5444
45.50999832,5445
45.54000092,5445
45.56999969,5444
45.59999847,5443
45.63000107,5444
45.65999985,5443
45.68999863,5443
45.72000122,5441
45.75,5441
45.77999878,5441
45.81000137,5439
45.84000015,5441
45.86999893,5439
45.90000153,5439
45.93000031,5439
45.95999908,5438
45.99000168,5438
46.02000046,5438
46.04999924,5437
46.08000183,5437
46.11000061,5436
46.13999939,5436
46.16999817,5435
46.20000076,5436
46.22999954,5435
46.25999832,5434
46.29000092,5433
46.31999969,5434
46.34999847,5433
46.38000107,5432
46.40999985,5433
46.43999863,5431
46.47000122,5431
46.5,5431
46.52999878,5431
46.56000137,5430
46.59000015,5429
46.61999893,5429
46.65000153,5429
46.68000031,5428
46.70999908,5427
46.74000168,5427
46.77000046,5427
46.79999924,5426
46.83000183,5425
46.86000061,5425
46.88999939,5425
46.91999817,5425
46.95000076,5424
46.97999954,5424
47.00999832,5423
47.04000092,5422
47.06999969,5422
47.09999847,5422
47.13000107,5421
47.15999985,5421
47.18999863,5421
47.22000122,5421
47.25,5420
47.27999878,5419
47.31000137,5419
47.34000015,5418
47.36999893,5418
47.40000153,5416
47.43000031,5417
47.45999908,5418
47.49000168,5416
47.52000046,5416
47.54999924,5415
47.58000183,5415
47.61000061,5414
47.63999939,5414
47.66999817,5414
47.70000076,5414
47.72999954,5412
47.75999832,5413
47.79000092,5412
47.81999969,5411
47.84999847,5411
47.88000107,5411
47.90999985,5410
47.93999863,5409
47.97000122,5409
48.0,5409
48.02999878,5409
48.06000137,5408
48.09000015,5408
48.11999893,5407
48.15000153,5407
48.18000031,5406
48.20999908,5406
48.24000168,5406
48.27000046,5405
48.29999924,5405
48.33000183,5404
48.36000061,5404
48.38999939,5403
48.41999817,5403
48.45000076,5403
48.47999954,5403
48.50999832,5401
48.54000092,5401
48.56999969,5401
48.59999847,5400
48.63000107,5400
48.65999985,5400
48.68999863,5400
48.72000122,5399
48.75,5398
48.77999878,5398
48.81000137,5398
48.84000015,5397
48.86999893,5397
48.90000153,5396
48.93000031,5396
48.95999908,5396
48.99000168,5396
49.02000046,5393
49.04999924,5395
49.08000183,5394
49.11000061,5393
49.13999939,5393
49.16999817,5392
49.20000076,5393
49.22999954,5392
49.25999832,5392
49.29000092,5391
49.31999969,5391
49.34999847,5391
49.38000107,5390
49.40999985,5389
49.43999863,5390
49.47000122,5389
49.5,5389
49.52999878,5389
49.56000137,5388
49.59000015,5388
49.61999893,5387
49.65000153,5387
49.68000031,5387
49.70999908,5386
49.74000168,5385
49.77000046,5386
49.79999924,5385
49.83000183,5385
49.86000061,5384
49.88999939,5384
49.91999817,5384
49.95000076,5383
49.97999954,5383
50.00999832,5383
50.04000092,5382
50.06999969,5382
50.09999847,5381
50.13000107,5381
50.15999985,5380
50.18999863,5380
50.22000122,5380
50.25,5380
50.27999878,5379
50.31000137,5378
50.34000015,5379
50.36999893,5379
50.40000153,5378
50.43000031,5378
50.45999908,5378
50.49000168,5377
50.52000046,5376
50.54999924,5377
50.58000183,5376
50.61000061,5375
50.63999939,5375
50.66999817,5376
50.70000076,5374
50.72999954,5374
50.75999832,5373
50.79000092,5373
50.81999969,5373
50.84999847,5373
50.88000107,5373
50.90999985,5372
50.93999863,5372
50.97000122,5370
51.0,5371
51.02999878,5370
51.06000137,5371
51.09000015,5370
51.11999893,5369
51.15000153,5369
51.18000031,5369
51.20999908,5369
51.24000168,5369
51.27000046,5368
51.29999924,5367
51.33000183,5367
51.36000061,5368
51.38999939,5366
51.41999817,5365
51.45000076,5366
51.47999954,5366
51.50999832,5365
51.54000092,5365
51.56999969,5364
51.59999847,5363
51.63000107,5363
51.65999985,5363
51.68999863,5363
51.72000122,5362
51.75,5362
51.77999878,5362
51.81000137,5362
51.84000015,5361
51.86999893,5361
51.90000153,5360
51.93000031,5361
51.95999908,5360
51.99000168,5359
52.02000046,5360
52.04999924,5360
52.08000183,5359
52.11000061,5358
52.13999939,5358
52.16999817,5358
52.20000076,5356
52.22999954,5357
52.25999832,5356
52.29000092,5356
52.31999969,5355
52.34999847,5356
52.38000107,5356
52.40999985,5355
52.43999863,5355
52.47000122,5354
52.5,5354
52.52999878,5353
52.56000137,5354
52.59000015,5353
52.61999893,5353
52.65000153,5352
52.68000031,5352
52.70999908,5352
52.74000168,5352
52.77000046,5351
52.79999924,5351
52.83000183,5351
52.86000061,5350
52.88999939,5350
52.91999817,5349
52.95000076,5349
52.97999954,5348
53.00999832,5349
53.04000092,5348
53.06999969,5348
53.09999847,5348
53.13000107,5347
53.15999985,5347
53.18999863,5347
53.22000122,5346
53.25,5346
53.27999878,5346
53.31000137,5345
53.34000015,5346
53.36999893,5345
53.40000153,5345
53.43000031,5344
53.45999908,5345
53.49000168,5344
53.52000046,5344
53.54999924,5343
53.58000183,5343
53.61000061,5343
53.63999939,5342
53.66999817,5342
53.70000076,5342
53.72999954,5342
53.75999832,5341
53.79000092,5341
53.81999969,5341
53.84999847,5341
53.88000107,5340
53.90999985,5340
53.93999863,5340
53.97000122,5340
54.0,5339
54.02999878,5339
54.06000137,5339
54.09000015,5338
54.11999893,5338
54.15000153,5338
54.18000031,5337
54.20999908,5337
54.24000168,5337
54.27000046,5336
54.29999924,5336
54.33000183,5336
54.36000061,5335
54.38999939,5335
54.41999817,5335
54.45000076,5334
54.47999954,5335
54.50999832,5334
54.54000092,5334
54.56999969,5334
54.59999847,5334
54.63000107,5333
54.65999985,5332
54.68999863,5333
54.72000122,5332
54.75,5332
54.77999878,5332
54.81000137,5331
54.84000015,5331
54.86999893,5330
54.90000153,5331
54.93000031,5330
54.95999908,5330
54.99000168,5329
55.02000046,5330
55.04999924,5329
55.08000183,5329
55.11000061,5328
55.13999939,5329
55.16999817,5328
55.20000076,5328
55.22999954,5328
55.25999832,5328
55.29000092,5327
55.31999969,5327
55.34999847,5327
55.38000107,5326
55.40999985,5327
55.43999863,5325
55.47000122,5325
55.5,5325
55.52999878,5325
55.56000137,5324
55.59000015,5324
55.61999893,5325
55.65000153,5325
55.68000031,5323
55.70999908,5323
55.74000168,5323
55.77000046,5322
55.79999924,5323
55.83000183,5323
55.86000061,5322
55.88999939,5322
55.91999817,5322
55.95000076,5321
55.97999954,5321
56.00999832,5321
56.04000092,5321
56.06999969,5321
56.09999847,5320
56.13000107,5320
56.15999985,5320
56.18999863,5319
56.22000122,5318
56.25,5319
56.27999878,5319
56.31000137,5318
56.34000015,5318
56.36999893,5318
56.40000153,5317
56.43000031,5317
56.45999908,5317
56.49000168,5317
56.52000046,5316
56.54999924,5316
56.58000183,5316
56.61000061,5316
56.63999939,5316
56.66999817,5315
56.70000076,5315
56.72999954,5316
56.75999832,5315
56.79000092,5314
56.81999969,5314
56.84999847,5315
56.88000107,5314
56.90999985,5313
56.93999863,5313
56.97000122,5313
57.0,5312
57.02999878,5312
57.06000137,5312
57.09000015,5312
57.11999893,5311
57.15000153,5310
57.18000031,5312
57.20999908,5311
57.24000168,5310
57.27000046,5310
57.29999924,5309
57.33000183,5309
57.36000061,5309
57.38999939,5309
57.41999817,5309
57.45000076,5308
57.47999954,5309
57.50999832,5309
57.54000092,5308
57.56999969,5307
57.59999847,5307
57.63000107,5308
57.65999985,5308
57.68999863,5307
57.72000122,5307
57.75,5307
57.77999878,5306
57.81000137,5306
57.84000015,5306
57.86999893,5306
57.90000153,5304
57.93000031,5306
57.95999908,5305
57.99000168,5304
58.02000046,5303
58.04999924,5304
58.08000183,5304
58.11000061,5304
58.13999939,5303
58.16999817,5303
58.20000076,5303
58.22999954,5303
58.25999832,5303
58.29000092,5303
58.31999969,5302
58.34999847,5301
58.38000107,5301
58.40999985,5302
58.43999863,5301
58.47000122,5301
58.5,5300
58.52999878,5300
58.56000137,5300
58.59000015,5300
58.61999893,5299
58.65000153,5299
58.68000031,5299
58.70999908,5299
58.74000168,5299
58.77000046,5299
58.79999924,5297
58.83000183,5298
58.86000061,5298
58.88999939,5298
58.91999817,5296
58.95000076,5297
58.97999954,5297
59.00999832,5297
59.04000092,5297
59.06999969,5296
59.09999847,5296
59.13000107,5295
59.15999985,5296
59.18999863,5296
59.22000122,5295
59.25,5294
59.27999878,5295
59.31000137,5294
59.34000015,5294
59.36999893,5294
59.40000153,5294
59.43000031,5293
59.45999908,5293
59.49000168,5293
59.52000046,5293
59.54999924,5293
59.58000183,5292
59.61000061,5293
59.63999939,5293
59.66999817,5292
59.70000076,5291
59.72999954,5292
59.75999832,5292
59.79000092,5291
59.81999969,5290
59.84999847,5290
59.88000107,5290
59.90999985,5290
59.93999863,5290
59.97000122,5290
60.0,5290
60.02999878,5289
60.06000137,5290
60.09000015,5290
60.11999893,5288
60.15000153,5289
60.18000031,5289
60.20999908,5288
60.24000168,5288
60.27000046,5288
60.29999924,5287
60.33000183,5288
60.36000061,5287
60.38999939,5287
60.41999817,5287
60.45000076,5287
60.47999954,5286
60.50999832,5287
60.54000092,5285
60.56999969,5285
60.59999847,5285
60.63000107,5285
60.65999985,5284
60.68999863,5285
60.72000122,5284
60.75,5283
60.77999878,5283
60.81000137,5283
60.84000015,5283
60.86999893,5283
60.90000153,5283
60.93000031,5282
60.95999908,5282
60.99000168,5283
61.02000046,5281
61.04999924,5281
61.08000183,5281
61.11000061,5282
61.13999939,5280
61.16999817,5281
61.20000076,5280
61.22999954,5280
61.25999832,5279
61.29000092,5280
61.31999969,5279
61.34999847,5279
61.38000107,5278
61.40999985,5278
61.43999863,5279
61.47000122,5277
61.5,5278
61.52999878,5278
61.56000137,5278
61.59000015,5277
61.61999893,5276
61.65000153,5276
61.68000031,5276
61.70999908,5276
61.74000168,5276
61.77000046,5276
61.79999924,5275
61.83000183,5275
61.86000061,5274
61.88999939,5275
61.91999817,5275
61.95000076,5274
61.97999954,5274
62.00999832,5273
62.04000092,5272
62.06999969,5273
62.09999847,5272
62.13000107,5272
62.15999985,5272
62.18999863,5272
62.22000122,5271
62.25,5271
62.27999878,5271
62.31000137,5271
62.34000015,5271
62.36999893,5270
62.40000153,5269
62.43000031,5269
62.45999908,5269
62.49000168,5269
62.52000046,5269
62.54999924,5268
62.58000183,5269
62.61000061,5268
62.63999939,5268
62.66999817,5267
62.70000076,5267
62.72999954,5267
62.75999832,5267
62.79000092,5266
62.81999969,5265
62.84999847,5266
62.88000107,5265
62.90999985,5265
62.93999863,5264
62.97000122,5265
63.0,5264
63.02999878,5264
63.06000137,5264
63.09000015,5263
63.11999893,5264
63.15000153,5262
63.18000031,5262
63.20999908,5262
63.24000168,5263
63.27000046,5261
63.29999924,5262
63.33000183,5262
63.36000061,5261
63.38999939,5261
63.41999817,5261
63.45000076,5261
63.47999954,5260
63.50999832,5260
63.54000092,5260
63.56999969,5259
63.59999847,5258
63.63000107,5259
63.65999985,5259
63.68999863,5259
63.72000122,5257
63.75,5258
63.77999878,5258
63.81000137,5257
63.84000015,5256
63.86999893,5257
63.90000153,5257
63.93000031,5257
63.95999908,5256
63.99000168,5256
64.01999664,5255
64.05000305,5255
64.08000183,5255
64.11000061,5255
64.13999939,5255
64.16999817,5253
64.19999695,5253
64.23000336,5254
64.26000214,5253
64.29000092,5253
64.31999969,5253
64.34999847,5252
64.37999725,5252
64.41000366,5252
64.44000244,5252
64.47000122,5252
64.5,5251
64.52999878,5251
64.55999756,5251
64.58999634,5251
64.62000275,5250
64.65000153,5251
64.68000031,5250
64.70999908,5249
64.73999786,5249
64.76999664,5249
64.80000305,5249
64.83000183,5248
64.86000061,5249
64.88999939,5248
64.91999817,5248
64.94999695,5247
64.98000336,5248
65.01000214,5248
65.04000092,5248
65.06999969,5247
65.09999847,5247
65.12999725,5246
65.16000366,5246
65.19000244,5246
65.22000122,5246
65.25,5245
65.27999878,5245
65.30999756,5245
65.33999634,5245
65.37000275,5244
65.40000153,5244
65.43000031,5244
65.45999908,5244
65.48999786,5243
65.51999664,5243
65.55000305,5243
65.58000183,5243
65.61000061,5243
65.63999939,5243
65.66999817,5242
65.69999695,5242
65.73000336,5241
65.76000214,5242
65.79000092,5242
65.81999969,5241
65.84999847,5240
65.87999725,5241
65.91000366,5241
65.94000244,5240
65.97000122,5239
66.0,5240
66.02999878,5239
66.05999756,5239
66.08999634,5239
66.12000275,5239
66.15000153,5238
66.18000031,5238
66.20999908,5238
66.23999786,5238
66.26999664,5237
66.30000305,5237
66.33000183,5238
66.36000061,5237
66.38999939,5237
66.41999817,5237
66.44999695,5237
66.48000336,5237
66.51000214,5236
66.54000092,5236
66.56999969,5235
66.59999847,5237
66.62999725,5236
66.66000366,5236
66.69000244,5235
66.72000122,5235
66.75,5235
66.77999878,5235
66.80999756,5235
66.83999634,5234
66.87000275,5234
66.90000153,5234
66.93000031,5234
66.95999908,5233
66.98999786,5234
67.01999664,5233
67.05000305,5233
67.08000183,5233
67.11000061,5233
67.13999939,5233
